[
    {
      "name": "SilverAsh",
      "tags": ["Guard", "DPS", "Support", "Top Operator"],
      "image": "/operators/silverash.png",
      "stars": 6  
    },
    {
      "name": "Saria",
      "tags": ["Defender", "Healing", "Support", "Top Operator"],
      "image": "/operators/saria.png",
      "stars": 6
    },
    {
      "name": "Exusiai",
      "tags": ["Sniper","Ranged", "DPS", "Top Operator"],
      "image": "/operators/exusiai.png",
      "stars": 6
    },
    {
      "name": "Ch'en",
      "tags": ["Top Operator","Melee","Nuker","DPS", "Guard"],
      "image": "/operators/chen.png",
      "stars": 6
    },
    {
      "name": "Siege",
      "tags": ["Top Operator","Melee","DP-Recovery","DPS", "Vanguard"],
      "image": "/operators/siege.png",
      "stars": 6
    },
    {
      "name": "Shining",
      "tags": ["Top Operator","Ranged","Healing","Support","Medic"],
      "image": "/operators/shining.png",
      "stars": 6
    },
    {
      "name": "Nightingale",
      "tags": ["Top Operator","Ranged","Healing","Support","Medic"],
      "image": "/operators/nightingale.png",
      "stars": 6
    },
    {
      "name": "Hoshiguma",
      "tags": ["Top Operator","Melee","Defense","DPS","Defender"],
      "image": "/operators/hoshiguma.png",
      "stars": 6
    },
    {
      "name": "Skadi",
      "tags": ["Top Operator","Melee","DPS","Survival","Guard"],
      "image": "/operators/skadi.png",
      "stars": 6
    },
    {
      "name": "Schwarz",
      "tags": ["Top Operator","Ranged","DPS","Sniper"],
      "image": "/operators/schwarz.png",
      "stars": 6
    },
    {
      "name": "Hellagur",
      "tags": ["Top Operator","Melee","DPS","Guard"],
      "image": "/operators/hellagur.png",
      "stars": 6
    },
    {
      "name": "Magallan",
      "tags": ["Top Operator","Ranged","Support","Slow","DPS","Support"],
      "image": "/operators/magallan.png",
      "stars": 6
    },
    {
      "name": "Mostima",
      "tags": ["Top Operator","Ranged","AoE","Support","Crowd Control","Caster"],
      "image": "/operators/mostima.png",
      "stars": 6
    },
    {
      "name": "Blaze",
      "tags": ["Top Operator","Melee","DPS","Survival","Guard"],
      "image": "/operators/blaze.png",
      "stars": 6
    },
    {
      "name": "Aak",
      "tags": ["Top Operator","Ranged","Support","DPS","Specialist"],
      "image": "/operators/aak.png",
      "stars": 6
    },
    {
      "name": "Ceobe",
      "tags": ["Top Operator","Ranged","DPS","Crowd Control","Caster"],
      "image": "/operators/ceobe.png",
      "stars": 6
    },
    {
      "name": "Bagpipe",
      "tags": ["Top Operator","Melee","DP-Recovery","DPS","Vanguard"],
      "image": "/operators/bagpipe.png",
      "stars": 6
    },
    {
      "name": "Phantom",
      "tags": ["Top Operator","Melee","Fast-Redeploy","Crowd Control","DPS","Specialist"],
      "image": "/operators/phantom.png",
      "stars": 6
    },
    {
      "name": "Weedy",
      "tags": ["Top Operator","Melee","Shift","DPS","Crowd Control","Specialist"],
      "image": "/operators/weedy.png",
      "stars": 6
    },
    {
      "name": "Poca",
      "tags": ["Top Operator","Melee","Shift","DPS","Crowd Control","Specialist"],
      "image": "/operators/poca.png",
      "stars": 6
    },
    {
      "name": "Suzuran",
      "tags": ["Top Operator","Ranged","Slow","Support","DPS","Support"],
      "image": "/operators/suzuran.png",
      "stars": 6
    },
    {
      "name": "Throns",
      "tags": ["Top Operator","Melee","DPS","Defense","Guard"],
      "image": "/operators/throns.png",
      "stars": 6
    },
    {
      "name": "Eunectes",
      "tags": ["Top Operator","Melee","DPS","Survival","Defense","Defender"],
      "image": "/operators/eunectes.png",
      "stars": 6
    },
    {
      "name": "Surtr",
      "tags": ["Top Operator","Melee","DPS","Guard"],
      "image": "/operators/surtr.png",
      "stars": 6
    },
    {
      "name": "Blemishine",
      "tags": ["Top Operator","Melee","Defense","Healing","DPS","Defender"],
      "image": "/operators/blemishine.png",
      "stars": 6
    },
    {
      "name": "Texas",
      "tags": ["Senior Operator","Melee","DP-Recovery","Crowd Control","Vanguard"],
      "image": "/operators/texas.png",
      "stars": 5
    },
    {
      "name": "Зима",
      "tags": ["Senior Operator","Melee","DP-Recovery","Support","Vanguard"],
      "image": "/operators/zima.png",
      "stars": 5
    },
    {
      "name": "Ptilopsis",
      "tags": ["Senior Operator","Ranged","Healing","Support","Medic"],
      "image": "/operators/ptilopsis.png",
      "stars": 5
    },
    {
      "name": "Silence",
      "tags": ["Senior Operator","Ranged","Healing","Medic"],
      "image": "/operators/silence.png",
      "stars": 5
    },
    {
      "name": "Warfarin",
      "tags": ["Senior Operator","Ranged","Healing","Support","Medic"],
      "image": "/operators/warfarin.png",
      "stars": 5
    },
    {
      "name": "Nightmare",
      "tags": ["Senior Operator","Ranged","DPS","Healing","Slow","Caster"],
      "image": "/operators/nightmare.png",
      "stars": 5
    },
    {
      "name": "Projekt Red",
      "tags": ["Senior Operator","Melee","Fast-Redeploy","Crowd Control","Specialist"],
      "image": "/operators/projektred.png",
      "stars": 5
    },
    {
      "name": "Manticore",
      "tags": ["Senior Operator","Melee","DPS","Survival","Specialist"],
      "image": "/operators/manticore.png",
      "stars": 5
    },
    {
      "name": "Cliffheart",
      "tags": ["Senior Operator","Melee","DPS","Specialist"],
      "image": "/operators/cliffheart.png",
      "stars": 5
    },
    {
      "name": "FEater",
      "tags": ["Senior Operator","Melee","Shift","Slow","Specialist"],
      "image": "/operators/feater.png",
      "stars": 5
    },
    {
      "name": "Provence",
      "tags": ["Senior Operator","Ranged","DPS","Sniper"],
      "image": "/operators/provence.png",
      "stars": 5
    },
    {
      "name": "Blue Posion",
      "tags": ["Senior Operator","Ranged","DPS","Sniper"],
      "image": "/operators/blueposion.png",
      "stars": 5
    },
    {
      "name": "Firewatch",
      "tags": ["Senior Operator","Ranged","DPS","Nuker","Sniper"],
      "image": "/operators/firewatch.png",
      "stars": 5
    },
    {
      "name": "Meteorite",
      "tags": ["Senior Operator","Ranged","AoE","Debuff","Sniper"],
      "image": "/operators/meteorite.png",
      "stars": 5
    },
    {
      "name": "Platinum",
      "tags": ["Senior Operator","Ranged","DPS","Sniper"],
      "image": "/operators/platinum.png",
      "stars": 5
    },
    {
      "name": "Pramanix",
      "tags": ["Senior Operator","Ranged","Debuff","Support"],
      "image": "/operators/pramanix.png",
      "stars": 5
    },
    {
      "name": "Istina (Истина)",
      "tags": ["Senior Operator","Ranged","Slow","DPS","Support"],
      "image": "/operators/istina.png",
      "stars": 5
    },
    {
      "name": "Mayer",
      "tags": ["Senior Operator","Ranged","Summon","Crowd Control","Support"],
      "image": "/operators/mayer.png",
      "stars": 5
    },
    {
      "name": "Specter",
      "tags": ["Senior Operator","Melee","AoE","Survival","Guard"],
      "image": "/operators/specter.png",
      "stars": 5
    },
    {
      "name": "Indra",
      "tags": ["Senior Operator","Melee","DPS","Survival","Guard"],
      "image": "/operators/indra.png",
      "stars": 5
    },
    {
      "name": "Nearl",
      "tags": ["Senior Operator","Melee","Defense","Healing","Defender"],
      "image": "/operators/nearl.png",
      "stars": 5
    },
    {
      "name": "Liskarm",
      "tags": ["Senior Operator","Melee","Defense","DPS","Defender"],
      "image": "/operators/liskarm.png",
      "stars": 5
    },
    {
      "name": "Vulcan",
      "tags": ["Senior Operator","Melee","Survival","Defense","DPS","Defender"],
      "image": "/operators/vulcan.png",
      "stars": 5
    },
    {
      "name": "Croissant",
      "tags": ["Senior Operator","Melee","Defense","Shift","Defender"],
      "image": "/operators/croissant.png",
      "stars": 5
    },
    {
      "name": "Swire",
      "tags": ["Senior Operator","Melee","DPS","Support","Guard"],
      "image": "/operators/swire.png",
      "stars": 5
    },
    {
      "name": "Glaucus",
      "tags": ["Senior Operator","Ranged","Slow","Crowd Control","Support"],
      "image": "/operators/glaucus.png",
      "stars": 5
    },
    {
      "name": "Astesia",
      "tags": ["Senior Operator","Melee","DPS","Defense","Guard"],
      "image": "/operators/astesia.png",
      "stars": 5
    },
    {
      "name": "Executor",
      "tags": ["Senior Operator","Ranged","AoE","Sniper"],
      "image": "/operators/executor.png",
      "stars": 5
    },
    {
      "name": "Waai Fung",
      "tags": ["Senior Operator","Melee","Fast-Redeploy","Debuff","Specialist"],
      "image": "/operators/waaifu.png",
      "stars": 5
    },
    {
      "name": "Reed",
      "tags": ["Senior Operator","Melee","DP-Recovery","DPS","Vanguard"],
      "image": "/operators/reed.png",
      "stars": 5
    },
    {
      "name": "Broca",
      "tags": ["Senior Operator","Melee","AoE","Survival","Guard"],
      "image": "/operators/broca.png",
      "stars": 5
    },
    {
      "name": "GreyThroat",
      "tags": ["Senior Operator","Ranged","DPS","Sniper"],
      "image": "/operators/greythroat.png",
      "stars": 5
    },
    {
      "name": "Hung",
      "tags": ["Senior Operator","Melee","Defense","Healing","Defender"],
      "image": "/operators/hung.png",
      "stars": 5
    },
    {
      "name": "Leizi",
      "tags": ["Senior Operator","Ranged","DPS","Caster"],
      "image": "/operators/leizi.png",
      "stars": 5
    },
    {
      "name": "Sesa",
      "tags": ["Senior Operator","Ranged","AoE","Debuff","Sniper"],
      "image": "/operators/sesa.png",
      "stars": 5
    },
    {
      "name": "Shamare",
      "tags": ["Senior Operator","Ranged","Debuff","Supporter"],
      "image": "/operators/shamare.png",
      "stars": 5
    },
    {
      "name": "Elysium",
      "tags": ["Senior Operator","Melee","DP-Recovery","Support","Vanguard"],
      "image": "/operators/elysium.png",
      "stars": 5
    },
    {
      "name": "Asbestos",
      "tags": ["Senior Operator","Melee","Defense","DPS","Defender"],
      "image": "/operators/asbestos.png",
      "stars": 5
    },
    {
      "name": "Tsukinogi",
      "tags": ["Senior Operator","Ranged","Support","Survival","Supporter"],
      "image": "/operators/tsukinogi.png",
      "stars": 5
    },
    {
      "name": "Leonhardt",
      "tags": ["Senior Operator","Ranged","AoE","Nuker","Caster"],
      "image": "/operators/leonhardt.png",
      "stars": 5
    },
    {
      "name": "Ayerscarpe",
      "tags": ["Senior Operator","Melee","DPS","AoE","Guard"],
      "image": "/operators/ayerscarpe.png",
      "stars": 5
    },
    {
      "name": "Beeswax",
      "tags": ["Senior Operator","Ranged","AoE","Defense","Caster"],
      "image": "/operators/beeswax.png",
      "stars": 5
    },
    {
      "name": "Chiave",
      "tags": ["Senior Operator","Melee","DP-Recovery","DPS","Vanguard"],
      "image": "/operators/chiave.png",
      "stars": 5
    },
    {
      "name": "Andreana",
      "tags": ["Senior Operator","Ranged","DPS","Slow","Sniper"],
      "image": "/operators/andreana.png",
      "stars": 5
    },
    {
      "name": "Flint",
      "tags": ["Senior Operator","Melee","DPS","Guard"],
      "image": "/operators/flint.png",
      "stars": 5
    },
    {
      "name": "April",
      "tags": ["Senior Operator","Ranged","DPS","Sniper"],
      "image": "/operators/april.png",
      "stars": 5
    },
    {
      "name": "Aosta",
      "tags": ["Senior Operator","Ranged","AoE","Sniper"],
      "image": "/operators/aosta.png",
      "stars": 5
    }
  ]
  