[
  {
    "title": "Exodus from the Pale Sea",
    "start": "2025-06-05",
    "end": "2025-06-24",
    "type": "main",
    "image": "https://arknights.wiki.gg/images/thumb/5/5e/CN_Exodus_from_the_Pale_Sea_banner.png/1280px-CN_Exodus_from_the_Pale_Sea_banner.png"
  },
  {
    "title": "Zwillingstürme im Herbst Rerun",
    "start": "2025-05-22",
    "end": "2025-06-07",
    "type": "side",
    "image": "https://arknights.wiki.gg/images/thumb/0/01/EN_Zwillingst%C3%BCrme_im_Herbst_Rerun_banner.png/1280px-EN_Zwillingst%C3%BCrme_im_Herbst_Rerun_banner.png"
  },
  {
    "title": "The Rides to Lake Silberneherze Rerun",
    "start": "2025-06-08",
    "end": "2025-06-15",
    "type": "cc",
    "image": "https://arknights.wiki.gg/images/thumb/1/18/CN_The_Rides_to_Lake_Silberneherze_Rerun_banner.png/1280px-CN_The_Rides_to_Lake_Silberneherze_Rerun_banner.png"
  }
]
